{
  "train_mse": 7.275155692357356,
  "val_mse": 28.057322318859814,
  "val_mae": 4.237343979000668
}