{
  "train_loss": [
    0.011186179709275839,
    0.009957107974009382,
    0.009953550990084532,
    0.009808689946550186
  ],
  "val_loss": [
    0.009675022743811662,
    0.010422262384302237,
    0.009707999944856221,
    0.00975245611996136
  ],
  "best_epoch": 1,
  "best_val_loss": 0.009675022743811662
}